TF,Family/Class,Function label,Supporting terms,Confidence,Group10
E2F2,E2F,Cell cycle,Proliferation,10,General/core transcription
E2F5,E2F,Cell cycle / DNA replication,G1/S control; replication genes,10,General/core transcription
IRF5,IRF,Interferon/antiviral response,Type I/II IFN pathways,10,General/core transcription
PPARA,Nuclear receptor,Lipid metabolism / fatty acid oxidation,Peroxisomal β-oxidation; fasting response,10,General/core transcription
NR1I2,Nuclear receptor (PXR),Xenobiotic detoxification,CYP3A; drug metabolism,10,Stress responses (oxidative/UPR/ER/proteostasis)
AHRR,bHLH-PAS,Xenobiotic response (repressor),AHR repressor; feedback on xenobiotic signaling,10,Stress responses (oxidative/UPR/ER/proteostasis)
MXD1,bHLH-ZIP,MYC antagonist / repression,MAX competitor; differentiation,10,General/core transcription
NRF2,bZIP (Cap'n'collar),Oxidative stress / xenobiotic detox,"ARE-driven detox genes (GSTM, NQO1)",10,Stress responses (oxidative/UPR/ER/proteostasis)
TEAD2,TEAD,Hippo signaling / growth control,YAP/TAZ coactivation,9,General/core transcription
NFE2L1,bZIP,Proteostasis / mitochondrial biogenesis,Proteasome genes; stress,9,General/core transcription
ATF5,bZIP (AP-1/ATF/MAF),Stress response / differentiation,AP-1; MAPK signaling,9,Stress responses (oxidative/UPR/ER/proteostasis)
ATF6,bZIP (AP-1/ATF/MAF),Stress response / differentiation,AP-1; MAPK signaling,9,Stress responses (oxidative/UPR/ER/proteostasis)
MAFG,bZIP (AP-1/ATF/MAF),Stress response / differentiation,AP-1; MAPK signaling,9,Stress responses (oxidative/UPR/ER/proteostasis)
CEBPE,bZIP (CEBP),Inflammation / myeloid differentiation,Acute phase; macrophage,9,General/core transcription
CEBPZ,bZIP (CEBP),Inflammation / myeloid differentiation,Acute phase; macrophage,9,General/core transcription
SNAI1,EMT TFs,Epithelial–mesenchymal transition,Invasion/metastasis; development,8,General/core transcription
HOXA1,Homeobox (HOX),Body patterning / development,Anterior-posterior identity,8,Developmental homeobox/lineage TFs
HOXA10,Homeobox (HOX),Body patterning / development,Anterior-posterior identity,8,Developmental homeobox/lineage TFs
HOXA13,Homeobox (HOX),Body patterning / development,Anterior-posterior identity,8,Developmental homeobox/lineage TFs
HOXA7,Homeobox (HOX),Body patterning / development,Anterior-posterior identity,8,Developmental homeobox/lineage TFs
HOXB4,Homeobox (HOX),Body patterning / development,Anterior-posterior identity,8,Developmental homeobox/lineage TFs
HOXB6,Homeobox (HOX),Body patterning / development,Anterior-posterior identity,8,Developmental homeobox/lineage TFs
HOXB7,Homeobox (HOX),Body patterning / development,Anterior-posterior identity,8,Developmental homeobox/lineage TFs
HOXC11,Homeobox (HOX),Body patterning / development,Anterior-posterior identity,8,Developmental homeobox/lineage TFs
HOXC13,Homeobox (HOX),Body patterning / development,Anterior-posterior identity,8,Developmental homeobox/lineage TFs
HOXC6,Homeobox (HOX),Body patterning / development,Anterior-posterior identity,8,Developmental homeobox/lineage TFs
HOXD1,Homeobox (HOX),Body patterning / development,Anterior-posterior identity,8,Developmental homeobox/lineage TFs
HOXD11,Homeobox (HOX),Body patterning / development,Anterior-posterior identity,8,Developmental homeobox/lineage TFs
MEF2C,MADS-box,Muscle differentiation / activity-dependent,Cardiac/skeletal muscle genes,8,General/core transcription
MEF2D,MADS-box,Muscle differentiation / activity-dependent,Cardiac/skeletal muscle genes,8,General/core transcription
HES2,bHLH (Notch effectors),Notch signaling / differentiation,Lateral inhibition,8,General/core transcription
HES4,bHLH (Notch effectors),Notch signaling / differentiation,Lateral inhibition,8,General/core transcription
HEY2,bHLH (Notch effectors),Notch signaling / differentiation,Lateral inhibition,8,General/core transcription
FOXO4,Forkhead (FOX),Stress/cell cycle/differentiation (FOX-specific),FOXO stress; FOXM1 mitosis; FOXA pioneer,7,General/core transcription
SOX10,HMG (SOX),Stemness / development,Neural/chondrogenic differentiation,7,General/core transcription
SOX11,HMG (SOX),Stemness / development,Neural/chondrogenic differentiation,7,General/core transcription
SOX15,HMG (SOX),Stemness / development,Neural/chondrogenic differentiation,7,General/core transcription
SOX3,HMG (SOX),Stemness / development,Neural/chondrogenic differentiation,7,General/core transcription
RORA,Nuclear receptor (ROR),Circadian / immune differentiation,Th17 (RORγt); clock genes,7,General/core transcription
PAX3,Paired box (PAX),Development / organogenesis,Eye/kidney/muscle specification,7,Developmental homeobox/lineage TFs
PAX6,Paired box (PAX),Development / organogenesis,Eye/kidney/muscle specification,7,Developmental homeobox/lineage TFs
PAX7,Paired box (PAX),Development / organogenesis,Eye/kidney/muscle specification,7,Developmental homeobox/lineage TFs
PAX8,Paired box (PAX),Development / organogenesis,Eye/kidney/muscle specification,7,Developmental homeobox/lineage TFs
TBX1,T-box,Development / cardiac/neural,Lineage specification,7,General/core transcription
TBX3,T-box,Development / cardiac/neural,Lineage specification,7,General/core transcription
ID1,bHLH inhibitors (ID),Inhibit differentiation,Dominant-negative HLH proteins,7,General/core transcription
ID2,bHLH inhibitors (ID),Inhibit differentiation,Dominant-negative HLH proteins,7,General/core transcription
KLF14,C2H2 zinc finger (SP/KLF),Vascular/epithelial differentiation,Shear stress; barrier function,6,General/core transcription
KLF7,C2H2 zinc finger (SP/KLF),Vascular/epithelial differentiation,Shear stress; barrier function,6,General/core transcription
FOXC1,Forkhead (FOX),Development / lineage specification,Pioneer factors; endocrine/neuronal,6,FOXO/FOXA/FOXP (Forkhead)
FOXD2,Forkhead (FOX),Development / lineage specification,Pioneer factors; endocrine/neuronal,6,FOXO/FOXA/FOXP (Forkhead)
FOXD3,Forkhead (FOX),Development / lineage specification,Pioneer factors; endocrine/neuronal,6,FOXO/FOXA/FOXP (Forkhead)
FOXE1,Forkhead (FOX),Development / lineage specification,Pioneer factors; endocrine/neuronal,6,FOXO/FOXA/FOXP (Forkhead)
FOXF1,Forkhead (FOX),Development / lineage specification,Pioneer factors; endocrine/neuronal,6,FOXO/FOXA/FOXP (Forkhead)
FOXF2,Forkhead (FOX),Development / lineage specification,Pioneer factors; endocrine/neuronal,6,FOXO/FOXA/FOXP (Forkhead)
FOXG1,Forkhead (FOX),Development / lineage specification,Pioneer factors; endocrine/neuronal,6,FOXO/FOXA/FOXP (Forkhead)
FOXJ2,Forkhead (FOX),Development / lineage specification,Pioneer factors; endocrine/neuronal,6,FOXO/FOXA/FOXP (Forkhead)
FOXN3,Forkhead (FOX),Development / lineage specification,Pioneer factors; endocrine/neuronal,6,FOXO/FOXA/FOXP (Forkhead)
FOXQ1,Forkhead (FOX),Development / lineage specification,Pioneer factors; endocrine/neuronal,6,FOXO/FOXA/FOXP (Forkhead)
FOXR2,Forkhead (FOX),Development / lineage specification,Pioneer factors; endocrine/neuronal,6,FOXO/FOXA/FOXP (Forkhead)
DLX2,Homeobox,Development / organ specification,Neuro/muscle/pancreas patterning,6,Developmental homeobox/lineage TFs
DLX4,Homeobox,Development / organ specification,Neuro/muscle/pancreas patterning,6,Developmental homeobox/lineage TFs
DLX6,Homeobox,Development / organ specification,Neuro/muscle/pancreas patterning,6,Developmental homeobox/lineage TFs
LHX2,Homeobox,Development / organ specification,Neuro/muscle/pancreas patterning,6,Developmental homeobox/lineage TFs
LHX3,Homeobox,Development / organ specification,Neuro/muscle/pancreas patterning,6,Developmental homeobox/lineage TFs
LHX4,Homeobox,Development / organ specification,Neuro/muscle/pancreas patterning,6,Developmental homeobox/lineage TFs
LHX9,Homeobox,Development / organ specification,Neuro/muscle/pancreas patterning,6,Developmental homeobox/lineage TFs
SIX1,Homeobox,Development / organ specification,Neuro/muscle/pancreas patterning,6,Developmental homeobox/lineage TFs
SIX4,Homeobox,Development / organ specification,Neuro/muscle/pancreas patterning,6,Developmental homeobox/lineage TFs
NR0B1,Nuclear receptor,Metabolism / development (context-dependent),Ligand-activated transcription,5,Nuclear receptors & metabolism
NR1D1,Nuclear receptor,Metabolism / development (context-dependent),Ligand-activated transcription,5,Nuclear receptors & metabolism
NR1H4,Nuclear receptor,Metabolism / development (context-dependent),Ligand-activated transcription,5,Nuclear receptors & metabolism
NR2E3,Nuclear receptor,Metabolism / development (context-dependent),Ligand-activated transcription,5,Nuclear receptors & metabolism
NR4A2,Nuclear receptor,Metabolism / development (context-dependent),Ligand-activated transcription,5,Nuclear receptors & metabolism
NR5A1,Nuclear receptor,Metabolism / development (context-dependent),Ligand-activated transcription,5,Nuclear receptors & metabolism
SALL4,Zinc finger (SALL),Development / repression,Embryogenesis; chromatin,5,General/core transcription
ZBTB1,C2H2 zinc finger,General transcriptional regulation (context-dependent),Sequence-specific repression/activation,3,KRAB/C2H2 zinc-finger repressors
ZBTB12,C2H2 zinc finger,General transcriptional regulation (context-dependent),Sequence-specific repression/activation,3,KRAB/C2H2 zinc-finger repressors
ZBTB18,C2H2 zinc finger,General transcriptional regulation (context-dependent),Sequence-specific repression/activation,3,KRAB/C2H2 zinc-finger repressors
ZBTB44,C2H2 zinc finger,General transcriptional regulation (context-dependent),Sequence-specific repression/activation,3,KRAB/C2H2 zinc-finger repressors
ZBTB49,C2H2 zinc finger,General transcriptional regulation (context-dependent),Sequence-specific repression/activation,3,KRAB/C2H2 zinc-finger repressors
ZBTB5,C2H2 zinc finger,General transcriptional regulation (context-dependent),Sequence-specific repression/activation,3,KRAB/C2H2 zinc-finger repressors
ZNF10,C2H2 zinc finger,General transcriptional regulation (context-dependent),Sequence-specific repression/activation,3,KRAB/C2H2 zinc-finger repressors
ZNF101,C2H2 zinc finger,General transcriptional regulation (context-dependent),Sequence-specific repression/activation,3,KRAB/C2H2 zinc-finger repressors
ZNF112,C2H2 zinc finger,General transcriptional regulation (context-dependent),Sequence-specific repression/activation,3,KRAB/C2H2 zinc-finger repressors
ZNF133,C2H2 zinc finger,General transcriptional regulation (context-dependent),Sequence-specific repression/activation,3,KRAB/C2H2 zinc-finger repressors
ZNF134,C2H2 zinc finger,General transcriptional regulation (context-dependent),Sequence-specific repression/activation,3,KRAB/C2H2 zinc-finger repressors
ZNF136,C2H2 zinc finger,General transcriptional regulation (context-dependent),Sequence-specific repression/activation,3,KRAB/C2H2 zinc-finger repressors
ZNF138,C2H2 zinc finger,General transcriptional regulation (context-dependent),Sequence-specific repression/activation,3,KRAB/C2H2 zinc-finger repressors
ZNF140,C2H2 zinc finger,General transcriptional regulation (context-dependent),Sequence-specific repression/activation,3,KRAB/C2H2 zinc-finger repressors
ZNF146,C2H2 zinc finger,General transcriptional regulation (context-dependent),Sequence-specific repression/activation,3,KRAB/C2H2 zinc-finger repressors
ZNF157,C2H2 zinc finger,General transcriptional regulation (context-dependent),Sequence-specific repression/activation,3,KRAB/C2H2 zinc-finger repressors
ZNF16,C2H2 zinc finger,General transcriptional regulation (context-dependent),Sequence-specific repression/activation,3,KRAB/C2H2 zinc-finger repressors
ZNF165,C2H2 zinc finger,General transcriptional regulation (context-dependent),Sequence-specific repression/activation,3,KRAB/C2H2 zinc-finger repressors
ZNF169,C2H2 zinc finger,General transcriptional regulation (context-dependent),Sequence-specific repression/activation,3,KRAB/C2H2 zinc-finger repressors
ZNF175,C2H2 zinc finger,General transcriptional regulation (context-dependent),Sequence-specific repression/activation,3,KRAB/C2H2 zinc-finger repressors
ZNF184,C2H2 zinc finger,General transcriptional regulation (context-dependent),Sequence-specific repression/activation,3,KRAB/C2H2 zinc-finger repressors
ZNF19,C2H2 zinc finger,General transcriptional regulation (context-dependent),Sequence-specific repression/activation,3,KRAB/C2H2 zinc-finger repressors
ZNF197,C2H2 zinc finger,General transcriptional regulation (context-dependent),Sequence-specific repression/activation,3,KRAB/C2H2 zinc-finger repressors
ZNF2,C2H2 zinc finger,General transcriptional regulation (context-dependent),Sequence-specific repression/activation,3,KRAB/C2H2 zinc-finger repressors
ZNF20,C2H2 zinc finger,General transcriptional regulation (context-dependent),Sequence-specific repression/activation,3,KRAB/C2H2 zinc-finger repressors
ZNF202,C2H2 zinc finger,General transcriptional regulation (context-dependent),Sequence-specific repression/activation,3,KRAB/C2H2 zinc-finger repressors
ZNF211,C2H2 zinc finger,General transcriptional regulation (context-dependent),Sequence-specific repression/activation,3,KRAB/C2H2 zinc-finger repressors
ZNF213,C2H2 zinc finger,General transcriptional regulation (context-dependent),Sequence-specific repression/activation,3,KRAB/C2H2 zinc-finger repressors
ZNF22,C2H2 zinc finger,General transcriptional regulation (context-dependent),Sequence-specific repression/activation,3,KRAB/C2H2 zinc-finger repressors
ZNF223,C2H2 zinc finger,General transcriptional regulation (context-dependent),Sequence-specific repression/activation,3,KRAB/C2H2 zinc-finger repressors
ZNF224,C2H2 zinc finger,General transcriptional regulation (context-dependent),Sequence-specific repression/activation,3,KRAB/C2H2 zinc-finger repressors
ZNF23,C2H2 zinc finger,General transcriptional regulation (context-dependent),Sequence-specific repression/activation,3,KRAB/C2H2 zinc-finger repressors
ZNF236,C2H2 zinc finger,General transcriptional regulation (context-dependent),Sequence-specific repression/activation,3,KRAB/C2H2 zinc-finger repressors
ZNF239,C2H2 zinc finger,General transcriptional regulation (context-dependent),Sequence-specific repression/activation,3,KRAB/C2H2 zinc-finger repressors
ZNF248,C2H2 zinc finger,General transcriptional regulation (context-dependent),Sequence-specific repression/activation,3,KRAB/C2H2 zinc-finger repressors
ZNF250,C2H2 zinc finger,General transcriptional regulation (context-dependent),Sequence-specific repression/activation,3,KRAB/C2H2 zinc-finger repressors
ZNF257,C2H2 zinc finger,General transcriptional regulation (context-dependent),Sequence-specific repression/activation,3,KRAB/C2H2 zinc-finger repressors
ZNF26,C2H2 zinc finger,General transcriptional regulation (context-dependent),Sequence-specific repression/activation,3,KRAB/C2H2 zinc-finger repressors
ZNF260,C2H2 zinc finger,General transcriptional regulation (context-dependent),Sequence-specific repression/activation,3,KRAB/C2H2 zinc-finger repressors
ZNF274,C2H2 zinc finger,General transcriptional regulation (context-dependent),Sequence-specific repression/activation,3,KRAB/C2H2 zinc-finger repressors
ZNF282,C2H2 zinc finger,General transcriptional regulation (context-dependent),Sequence-specific repression/activation,3,KRAB/C2H2 zinc-finger repressors
ZNF292,C2H2 zinc finger,General transcriptional regulation (context-dependent),Sequence-specific repression/activation,3,KRAB/C2H2 zinc-finger repressors
ZNF30,C2H2 zinc finger,General transcriptional regulation (context-dependent),Sequence-specific repression/activation,3,KRAB/C2H2 zinc-finger repressors
ZNF302,C2H2 zinc finger,General transcriptional regulation (context-dependent),Sequence-specific repression/activation,3,KRAB/C2H2 zinc-finger repressors
ZNF318,C2H2 zinc finger,General transcriptional regulation (context-dependent),Sequence-specific repression/activation,3,KRAB/C2H2 zinc-finger repressors
ZNF320,C2H2 zinc finger,General transcriptional regulation (context-dependent),Sequence-specific repression/activation,3,KRAB/C2H2 zinc-finger repressors
ZNF322,C2H2 zinc finger,General transcriptional regulation (context-dependent),Sequence-specific repression/activation,3,KRAB/C2H2 zinc-finger repressors
ZNF329,C2H2 zinc finger,General transcriptional regulation (context-dependent),Sequence-specific repression/activation,3,KRAB/C2H2 zinc-finger repressors
ZNF331,C2H2 zinc finger,General transcriptional regulation (context-dependent),Sequence-specific repression/activation,3,KRAB/C2H2 zinc-finger repressors
ZNF33A,C2H2 zinc finger,General transcriptional regulation (context-dependent),DNA-binding repressor/activator,3,KRAB/C2H2 zinc-finger repressors
ZNF34,C2H2 zinc finger,General transcriptional regulation (context-dependent),Sequence-specific repression/activation,3,KRAB/C2H2 zinc-finger repressors
ZNF350,C2H2 zinc finger,General transcriptional regulation (context-dependent),Sequence-specific repression/activation,3,KRAB/C2H2 zinc-finger repressors
ZNF354A,C2H2 zinc finger,General transcriptional regulation (context-dependent),DNA-binding repressor/activator,3,KRAB/C2H2 zinc-finger repressors
ZNF354B,C2H2 zinc finger,General transcriptional regulation (context-dependent),DNA-binding repressor/activator,3,KRAB/C2H2 zinc-finger repressors
ZNF354C,C2H2 zinc finger,General transcriptional regulation (context-dependent),DNA-binding repressor/activator,3,KRAB/C2H2 zinc-finger repressors
ZNF362,C2H2 zinc finger,General transcriptional regulation (context-dependent),Sequence-specific repression/activation,3,KRAB/C2H2 zinc-finger repressors
ZNF37A,C2H2 zinc finger,General transcriptional regulation (context-dependent),DNA-binding repressor/activator,3,KRAB/C2H2 zinc-finger repressors
ZNF391,C2H2 zinc finger,General transcriptional regulation (context-dependent),Sequence-specific repression/activation,3,KRAB/C2H2 zinc-finger repressors
ZNF394,C2H2 zinc finger,General transcriptional regulation (context-dependent),Sequence-specific repression/activation,3,KRAB/C2H2 zinc-finger repressors
ZNF404,C2H2 zinc finger,General transcriptional regulation (context-dependent),Sequence-specific repression/activation,3,KRAB/C2H2 zinc-finger repressors
ZNF407,C2H2 zinc finger,General transcriptional regulation (context-dependent),Sequence-specific repression/activation,3,KRAB/C2H2 zinc-finger repressors
ZNF41,C2H2 zinc finger,General transcriptional regulation (context-dependent),Sequence-specific repression/activation,3,KRAB/C2H2 zinc-finger repressors
ZNF410,C2H2 zinc finger,General transcriptional regulation (context-dependent),Sequence-specific repression/activation,3,KRAB/C2H2 zinc-finger repressors
ZNF416,C2H2 zinc finger,General transcriptional regulation (context-dependent),Sequence-specific repression/activation,3,KRAB/C2H2 zinc-finger repressors
ZNF418,C2H2 zinc finger,General transcriptional regulation (context-dependent),Sequence-specific repression/activation,3,KRAB/C2H2 zinc-finger repressors
ZNF419,C2H2 zinc finger,General transcriptional regulation (context-dependent),Sequence-specific repression/activation,3,KRAB/C2H2 zinc-finger repressors
ZNF423,C2H2 zinc finger,General transcriptional regulation (context-dependent),Sequence-specific repression/activation,3,KRAB/C2H2 zinc-finger repressors
ZNF426,C2H2 zinc finger,General transcriptional regulation (context-dependent),Sequence-specific repression/activation,3,KRAB/C2H2 zinc-finger repressors
ZNF433,C2H2 zinc finger,General transcriptional regulation (context-dependent),Sequence-specific repression/activation,3,KRAB/C2H2 zinc-finger repressors
ZNF436,C2H2 zinc finger,General transcriptional regulation (context-dependent),Sequence-specific repression/activation,3,KRAB/C2H2 zinc-finger repressors
ZNF445,C2H2 zinc finger,General transcriptional regulation (context-dependent),Sequence-specific repression/activation,3,KRAB/C2H2 zinc-finger repressors
ZNF454,C2H2 zinc finger,General transcriptional regulation (context-dependent),Sequence-specific repression/activation,3,KRAB/C2H2 zinc-finger repressors
ZNF486,C2H2 zinc finger,General transcriptional regulation (context-dependent),Sequence-specific repression/activation,3,KRAB/C2H2 zinc-finger repressors
ZNF488,C2H2 zinc finger,General transcriptional regulation (context-dependent),Sequence-specific repression/activation,3,KRAB/C2H2 zinc-finger repressors
ZNF490,C2H2 zinc finger,General transcriptional regulation (context-dependent),Sequence-specific repression/activation,3,KRAB/C2H2 zinc-finger repressors
ZNF491,C2H2 zinc finger,General transcriptional regulation (context-dependent),Sequence-specific repression/activation,3,KRAB/C2H2 zinc-finger repressors
ZNF493,C2H2 zinc finger,General transcriptional regulation (context-dependent),Sequence-specific repression/activation,3,KRAB/C2H2 zinc-finger repressors
ZNF501,C2H2 zinc finger,General transcriptional regulation (context-dependent),Sequence-specific repression/activation,3,KRAB/C2H2 zinc-finger repressors
ZNF502,C2H2 zinc finger,General transcriptional regulation (context-dependent),Sequence-specific repression/activation,3,KRAB/C2H2 zinc-finger repressors
ZNF507,C2H2 zinc finger,General transcriptional regulation (context-dependent),Sequence-specific repression/activation,3,KRAB/C2H2 zinc-finger repressors
ZNF510,C2H2 zinc finger,General transcriptional regulation (context-dependent),Sequence-specific repression/activation,3,KRAB/C2H2 zinc-finger repressors
ZNF512,C2H2 zinc finger,General transcriptional regulation (context-dependent),Sequence-specific repression/activation,3,KRAB/C2H2 zinc-finger repressors
ZNF512B,C2H2 zinc finger,General transcriptional regulation (context-dependent),DNA-binding repressor/activator,3,KRAB/C2H2 zinc-finger repressors
ZNF513,C2H2 zinc finger,General transcriptional regulation (context-dependent),Sequence-specific repression/activation,3,KRAB/C2H2 zinc-finger repressors
ZNF514,C2H2 zinc finger,General transcriptional regulation (context-dependent),Sequence-specific repression/activation,3,KRAB/C2H2 zinc-finger repressors
ZNF524,C2H2 zinc finger,General transcriptional regulation (context-dependent),Sequence-specific repression/activation,3,KRAB/C2H2 zinc-finger repressors
ZNF528,C2H2 zinc finger,General transcriptional regulation (context-dependent),Sequence-specific repression/activation,3,KRAB/C2H2 zinc-finger repressors
ZNF529,C2H2 zinc finger,General transcriptional regulation (context-dependent),Sequence-specific repression/activation,3,KRAB/C2H2 zinc-finger repressors
ZNF530,C2H2 zinc finger,General transcriptional regulation (context-dependent),Sequence-specific repression/activation,3,KRAB/C2H2 zinc-finger repressors
ZNF532,C2H2 zinc finger,General transcriptional regulation (context-dependent),Sequence-specific repression/activation,3,KRAB/C2H2 zinc-finger repressors
ZNF544,C2H2 zinc finger,General transcriptional regulation (context-dependent),Sequence-specific repression/activation,3,KRAB/C2H2 zinc-finger repressors
ZNF547,C2H2 zinc finger,General transcriptional regulation (context-dependent),Sequence-specific repression/activation,3,KRAB/C2H2 zinc-finger repressors
ZNF548,C2H2 zinc finger,General transcriptional regulation (context-dependent),Sequence-specific repression/activation,3,KRAB/C2H2 zinc-finger repressors
ZNF549,C2H2 zinc finger,General transcriptional regulation (context-dependent),Sequence-specific repression/activation,3,KRAB/C2H2 zinc-finger repressors
ZNF555,C2H2 zinc finger,General transcriptional regulation (context-dependent),Sequence-specific repression/activation,3,KRAB/C2H2 zinc-finger repressors
ZNF558,C2H2 zinc finger,General transcriptional regulation (context-dependent),Sequence-specific repression/activation,3,KRAB/C2H2 zinc-finger repressors
ZNF560,C2H2 zinc finger,General transcriptional regulation (context-dependent),Sequence-specific repression/activation,3,KRAB/C2H2 zinc-finger repressors
ZNF561,C2H2 zinc finger,General transcriptional regulation (context-dependent),Sequence-specific repression/activation,3,KRAB/C2H2 zinc-finger repressors
ZNF563,C2H2 zinc finger,General transcriptional regulation (context-dependent),Sequence-specific repression/activation,3,KRAB/C2H2 zinc-finger repressors
ZNF577,C2H2 zinc finger,General transcriptional regulation (context-dependent),Sequence-specific repression/activation,3,KRAB/C2H2 zinc-finger repressors
ZNF579,C2H2 zinc finger,General transcriptional regulation (context-dependent),Sequence-specific repression/activation,3,KRAB/C2H2 zinc-finger repressors
ZNF581,C2H2 zinc finger,General transcriptional regulation (context-dependent),Sequence-specific repression/activation,3,KRAB/C2H2 zinc-finger repressors
ZNF582,C2H2 zinc finger,General transcriptional regulation (context-dependent),Sequence-specific repression/activation,3,KRAB/C2H2 zinc-finger repressors
ZNF584,C2H2 zinc finger,General transcriptional regulation (context-dependent),Sequence-specific repression/activation,3,KRAB/C2H2 zinc-finger repressors
ZNF585B,C2H2 zinc finger,General transcriptional regulation (context-dependent),DNA-binding repressor/activator,3,KRAB/C2H2 zinc-finger repressors
ZNF586,C2H2 zinc finger,General transcriptional regulation (context-dependent),Sequence-specific repression/activation,3,KRAB/C2H2 zinc-finger repressors
ZNF589,C2H2 zinc finger,General transcriptional regulation (context-dependent),Sequence-specific repression/activation,3,KRAB/C2H2 zinc-finger repressors
ZNF592,C2H2 zinc finger,General transcriptional regulation (context-dependent),Sequence-specific repression/activation,3,KRAB/C2H2 zinc-finger repressors
ZNF595,C2H2 zinc finger,General transcriptional regulation (context-dependent),Sequence-specific repression/activation,3,KRAB/C2H2 zinc-finger repressors
ZNF596,C2H2 zinc finger,General transcriptional regulation (context-dependent),Sequence-specific repression/activation,3,KRAB/C2H2 zinc-finger repressors
ZNF597,C2H2 zinc finger,General transcriptional regulation (context-dependent),Sequence-specific repression/activation,3,KRAB/C2H2 zinc-finger repressors
ZNF610,C2H2 zinc finger,General transcriptional regulation (context-dependent),Sequence-specific repression/activation,3,KRAB/C2H2 zinc-finger repressors
ZNF618,C2H2 zinc finger,General transcriptional regulation (context-dependent),Sequence-specific repression/activation,3,KRAB/C2H2 zinc-finger repressors
ZNF622,C2H2 zinc finger,General transcriptional regulation (context-dependent),Sequence-specific repression/activation,3,KRAB/C2H2 zinc-finger repressors
ZNF623,C2H2 zinc finger,General transcriptional regulation (context-dependent),Sequence-specific repression/activation,3,KRAB/C2H2 zinc-finger repressors
ZNF626,C2H2 zinc finger,General transcriptional regulation (context-dependent),Sequence-specific repression/activation,3,KRAB/C2H2 zinc-finger repressors
ZNF660,C2H2 zinc finger,General transcriptional regulation (context-dependent),Sequence-specific repression/activation,3,KRAB/C2H2 zinc-finger repressors
ZNF664,C2H2 zinc finger,General transcriptional regulation (context-dependent),Sequence-specific repression/activation,3,KRAB/C2H2 zinc-finger repressors
ZNF667,C2H2 zinc finger,General transcriptional regulation (context-dependent),Sequence-specific repression/activation,3,KRAB/C2H2 zinc-finger repressors
ZNF669,C2H2 zinc finger,General transcriptional regulation (context-dependent),Sequence-specific repression/activation,3,KRAB/C2H2 zinc-finger repressors
ZNF677,C2H2 zinc finger,General transcriptional regulation (context-dependent),Sequence-specific repression/activation,3,KRAB/C2H2 zinc-finger repressors
ZNF680,C2H2 zinc finger,General transcriptional regulation (context-dependent),Sequence-specific repression/activation,3,KRAB/C2H2 zinc-finger repressors
ZNF697,C2H2 zinc finger,General transcriptional regulation (context-dependent),Sequence-specific repression/activation,3,KRAB/C2H2 zinc-finger repressors
ZNF7,C2H2 zinc finger,General transcriptional regulation (context-dependent),Sequence-specific repression/activation,3,KRAB/C2H2 zinc-finger repressors
ZNF704,C2H2 zinc finger,General transcriptional regulation (context-dependent),Sequence-specific repression/activation,3,KRAB/C2H2 zinc-finger repressors
ZNF707,C2H2 zinc finger,General transcriptional regulation (context-dependent),Sequence-specific repression/activation,3,KRAB/C2H2 zinc-finger repressors
ZNF708,C2H2 zinc finger,General transcriptional regulation (context-dependent),Sequence-specific repression/activation,3,KRAB/C2H2 zinc-finger repressors
ZNF711,C2H2 zinc finger,General transcriptional regulation (context-dependent),Sequence-specific repression/activation,3,KRAB/C2H2 zinc-finger repressors
ZNF740,C2H2 zinc finger,General transcriptional regulation (context-dependent),Sequence-specific repression/activation,3,KRAB/C2H2 zinc-finger repressors
ZNF746,C2H2 zinc finger,General transcriptional regulation (context-dependent),Sequence-specific repression/activation,3,KRAB/C2H2 zinc-finger repressors
ZNF766,C2H2 zinc finger,General transcriptional regulation (context-dependent),Sequence-specific repression/activation,3,KRAB/C2H2 zinc-finger repressors
ZNF768,C2H2 zinc finger,General transcriptional regulation (context-dependent),Sequence-specific repression/activation,3,KRAB/C2H2 zinc-finger repressors
ZNF774,C2H2 zinc finger,General transcriptional regulation (context-dependent),Sequence-specific repression/activation,3,KRAB/C2H2 zinc-finger repressors
ZNF776,C2H2 zinc finger,General transcriptional regulation (context-dependent),Sequence-specific repression/activation,3,KRAB/C2H2 zinc-finger repressors
ZNF777,C2H2 zinc finger,General transcriptional regulation (context-dependent),Sequence-specific repression/activation,3,KRAB/C2H2 zinc-finger repressors
ZNF781,C2H2 zinc finger,General transcriptional regulation (context-dependent),Sequence-specific repression/activation,3,KRAB/C2H2 zinc-finger repressors
ZNF784,C2H2 zinc finger,General transcriptional regulation (context-dependent),Sequence-specific repression/activation,3,KRAB/C2H2 zinc-finger repressors
ZNF785,C2H2 zinc finger,General transcriptional regulation (context-dependent),Sequence-specific repression/activation,3,KRAB/C2H2 zinc-finger repressors
ZNF791,C2H2 zinc finger,General transcriptional regulation (context-dependent),Sequence-specific repression/activation,3,KRAB/C2H2 zinc-finger repressors
ZNF8,C2H2 zinc finger,General transcriptional regulation (context-dependent),Sequence-specific repression/activation,3,KRAB/C2H2 zinc-finger repressors
ZNF816,C2H2 zinc finger,General transcriptional regulation (context-dependent),Sequence-specific repression/activation,3,KRAB/C2H2 zinc-finger repressors
ZNF830,C2H2 zinc finger,General transcriptional regulation (context-dependent),Sequence-specific repression/activation,3,KRAB/C2H2 zinc-finger repressors
ZNF837,C2H2 zinc finger,General transcriptional regulation (context-dependent),Sequence-specific repression/activation,3,KRAB/C2H2 zinc-finger repressors
ZNF843,C2H2 zinc finger,General transcriptional regulation (context-dependent),Sequence-specific repression/activation,3,KRAB/C2H2 zinc-finger repressors
ZNF85,C2H2 zinc finger,General transcriptional regulation (context-dependent),Sequence-specific repression/activation,3,KRAB/C2H2 zinc-finger repressors
ZNF92,C2H2 zinc finger,General transcriptional regulation (context-dependent),Sequence-specific repression/activation,3,KRAB/C2H2 zinc-finger repressors
0,Uncertain / other regulator,Context-dependent / insufficient info,Could be non-DNA-binding cofactor or peptide,1,General/core transcription
ADA2,Uncertain / other regulator,Context-dependent / insufficient info,Could be non-DNA-binding cofactor or peptide,1,General/core transcription
ADCYAP1,Uncertain / other regulator,Context-dependent / insufficient info,Could be non-DNA-binding cofactor or peptide,1,General/core transcription
ADNP,Uncertain / other regulator,Context-dependent / insufficient info,Could be non-DNA-binding cofactor or peptide,1,General/core transcription
AEBP2,Uncertain / other regulator,Context-dependent / insufficient info,Could be non-DNA-binding cofactor or peptide,1,General/core transcription
ALKBH3,Uncertain / other regulator,Context-dependent / insufficient info,Could be non-DNA-binding cofactor or peptide,1,General/core transcription
ALX4,Uncertain / other regulator,Context-dependent / insufficient info,Could be non-DNA-binding cofactor or peptide,1,General/core transcription
ARHGAP35,Uncertain / other regulator,Context-dependent / insufficient info,Could be non-DNA-binding cofactor or peptide,1,General/core transcription
ARID3B,Uncertain / other regulator,Context-dependent / insufficient info,Could be non-DNA-binding cofactor or peptide,1,General/core transcription
ARID5B,Uncertain / other regulator,Context-dependent / insufficient info,Could be non-DNA-binding cofactor or peptide,1,General/core transcription
ARNT2,Uncertain / other regulator,Context-dependent / insufficient info,Could be non-DNA-binding cofactor or peptide,1,General/core transcription
ASH1L,Uncertain / other regulator,Context-dependent / insufficient info,Could be non-DNA-binding cofactor or peptide,1,General/core transcription
ASXL2,Uncertain / other regulator,Context-dependent / insufficient info,Could be non-DNA-binding cofactor or peptide,1,General/core transcription
ATM,Uncertain / other regulator,Context-dependent / insufficient info,Could be non-DNA-binding cofactor or peptide,1,General/core transcription
ATOH8,Uncertain / other regulator,Context-dependent / insufficient info,Could be non-DNA-binding cofactor or peptide,1,General/core transcription
ATXN7L3,Uncertain / other regulator,Context-dependent / insufficient info,Could be non-DNA-binding cofactor or peptide,1,General/core transcription
AUTS2,Uncertain / other regulator,Context-dependent / insufficient info,Could be non-DNA-binding cofactor or peptide,1,General/core transcription
BAHD1,Uncertain / other regulator,Context-dependent / insufficient info,Could be non-DNA-binding cofactor or peptide,1,General/core transcription
BANP,Uncertain / other regulator,Context-dependent / insufficient info,Could be non-DNA-binding cofactor or peptide,1,General/core transcription
BARHL1,Uncertain / other regulator,Context-dependent / insufficient info,Could be non-DNA-binding cofactor or peptide,1,General/core transcription
BARX1,Uncertain / other regulator,Context-dependent / insufficient info,Could be non-DNA-binding cofactor or peptide,1,General/core transcription
BARX2,Uncertain / other regulator,Context-dependent / insufficient info,Could be non-DNA-binding cofactor or peptide,1,General/core transcription
BCL6B,Uncertain / other regulator,Context-dependent / insufficient info,Could be non-DNA-binding cofactor or peptide,1,General/core transcription
BDP1,Uncertain / other regulator,Context-dependent / insufficient info,Could be non-DNA-binding cofactor or peptide,1,General/core transcription
BPTF,Uncertain / other regulator,Context-dependent / insufficient info,Could be non-DNA-binding cofactor or peptide,1,General/core transcription
BRCA2,Uncertain / other regulator,Context-dependent / insufficient info,Could be non-DNA-binding cofactor or peptide,1,General/core transcription
BRF1,Uncertain / other regulator,Context-dependent / insufficient info,Could be non-DNA-binding cofactor or peptide,1,General/core transcription
BRF2,Uncertain / other regulator,Context-dependent / insufficient info,Could be non-DNA-binding cofactor or peptide,1,General/core transcription
CARM1,Uncertain / other regulator,Context-dependent / insufficient info,Could be non-DNA-binding cofactor or peptide,1,General/core transcription
CASP3,Uncertain / other regulator,Context-dependent / insufficient info,Could be non-DNA-binding cofactor or peptide,1,General/core transcription
CASP8AP2,Uncertain / other regulator,Context-dependent / insufficient info,Could be non-DNA-binding cofactor or peptide,1,General/core transcription
CAVIN1,Uncertain / other regulator,Context-dependent / insufficient info,Could be non-DNA-binding cofactor or peptide,1,General/core transcription
CBX5,Uncertain / other regulator,Context-dependent / insufficient info,Could be non-DNA-binding cofactor or peptide,1,General/core transcription
CBX7,Uncertain / other regulator,Context-dependent / insufficient info,Could be non-DNA-binding cofactor or peptide,1,General/core transcription
CC2D1A,Uncertain / other regulator,Context-dependent / insufficient info,Could be non-DNA-binding cofactor or peptide,1,General/core transcription
CDC5L,Uncertain / other regulator,Context-dependent / insufficient info,Could be non-DNA-binding cofactor or peptide,1,General/core transcription
CDC73,Uncertain / other regulator,Context-dependent / insufficient info,Could be non-DNA-binding cofactor or peptide,1,General/core transcription
CDH4,Uncertain / other regulator,Context-dependent / insufficient info,Could be non-DNA-binding cofactor or peptide,1,General/core transcription
CDX1,Uncertain / other regulator,Context-dependent / insufficient info,Could be non-DNA-binding cofactor or peptide,1,General/core transcription
CENPT,Uncertain / other regulator,Context-dependent / insufficient info,Could be non-DNA-binding cofactor or peptide,1,General/core transcription
CHAF1A,Uncertain / other regulator,Context-dependent / insufficient info,Could be non-DNA-binding cofactor or peptide,1,General/core transcription
CHAF1B,Uncertain / other regulator,Context-dependent / insufficient info,Could be non-DNA-binding cofactor or peptide,1,General/core transcription
CHAMP1,Uncertain / other regulator,Context-dependent / insufficient info,Could be non-DNA-binding cofactor or peptide,1,General/core transcription
CIC,Uncertain / other regulator,Context-dependent / insufficient info,Could be non-DNA-binding cofactor or peptide,1,General/core transcription
CIITA,Uncertain / other regulator,Context-dependent / insufficient info,Could be non-DNA-binding cofactor or peptide,1,General/core transcription
COBLL1,Uncertain / other regulator,Context-dependent / insufficient info,Could be non-DNA-binding cofactor or peptide,1,General/core transcription
COIL,Uncertain / other regulator,Context-dependent / insufficient info,Could be non-DNA-binding cofactor or peptide,1,General/core transcription
CREB3,Uncertain / other regulator,Context-dependent / insufficient info,Could be non-DNA-binding cofactor or peptide,1,General/core transcription
CREB3L2,Uncertain / other regulator,Context-dependent / insufficient info,Could be non-DNA-binding cofactor or peptide,1,General/core transcription
CREB3L4,Uncertain / other regulator,Context-dependent / insufficient info,Could be non-DNA-binding cofactor or peptide,1,General/core transcription
CREBL2,Uncertain / other regulator,Context-dependent / insufficient info,Could be non-DNA-binding cofactor or peptide,1,General/core transcription
CSHL1,Uncertain / other regulator,Context-dependent / insufficient info,Could be non-DNA-binding cofactor or peptide,1,General/core transcription
CTR9,Uncertain / other regulator,Context-dependent / insufficient info,Could be non-DNA-binding cofactor or peptide,1,General/core transcription
CUX1,Uncertain / other regulator,Context-dependent / insufficient info,Could be non-DNA-binding cofactor or peptide,1,General/core transcription
DACH1,Uncertain / other regulator,Context-dependent / insufficient info,Could be non-DNA-binding cofactor or peptide,1,General/core transcription
DBP,Uncertain / other regulator,Context-dependent / insufficient info,Could be non-DNA-binding cofactor or peptide,1,General/core transcription
DICER1,Uncertain / other regulator,Context-dependent / insufficient info,Could be non-DNA-binding cofactor or peptide,1,General/core transcription
DIDO1,Uncertain / other regulator,Context-dependent / insufficient info,Could be non-DNA-binding cofactor or peptide,1,General/core transcription
DMRT1,Uncertain / other regulator,Context-dependent / insufficient info,Could be non-DNA-binding cofactor or peptide,1,General/core transcription
DNMT1,Uncertain / other regulator,Context-dependent / insufficient info,Could be non-DNA-binding cofactor or peptide,1,General/core transcription
DNMT3A,Uncertain / other regulator,Context-dependent / insufficient info,Could be non-DNA-binding cofactor or peptide,1,General/core transcription
DPPA3,Uncertain / other regulator,Context-dependent / insufficient info,Could be non-DNA-binding cofactor or peptide,1,General/core transcription
DROSHA,Uncertain / other regulator,Context-dependent / insufficient info,Could be non-DNA-binding cofactor or peptide,1,General/core transcription
DYRK1A,Uncertain / other regulator,Context-dependent / insufficient info,Could be non-DNA-binding cofactor or peptide,1,General/core transcription
EBNA1BP2,Uncertain / other regulator,Context-dependent / insufficient info,Could be non-DNA-binding cofactor or peptide,1,General/core transcription
EGFR,Uncertain / other regulator,Context-dependent / insufficient info,Could be non-DNA-binding cofactor or peptide,1,General/core transcription
ELF2,Uncertain / other regulator,Context-dependent / insufficient info,Could be non-DNA-binding cofactor or peptide,1,General/core transcription
ELF5,Uncertain / other regulator,Context-dependent / insufficient info,Could be non-DNA-binding cofactor or peptide,1,General/core transcription
EMX1,Uncertain / other regulator,Context-dependent / insufficient info,Could be non-DNA-binding cofactor or peptide,1,General/core transcription
EPC1,Uncertain / other regulator,Context-dependent / insufficient info,Could be non-DNA-binding cofactor or peptide,1,General/core transcription
ERCC8,Uncertain / other regulator,Context-dependent / insufficient info,Could be non-DNA-binding cofactor or peptide,1,General/core transcription
EWSR1,Uncertain / other regulator,Context-dependent / insufficient info,Could be non-DNA-binding cofactor or peptide,1,General/core transcription
F10,Uncertain / other regulator,Context-dependent / insufficient info,Could be non-DNA-binding cofactor or peptide,1,General/core transcription
FEV,Uncertain / other regulator,Context-dependent / insufficient info,Could be non-DNA-binding cofactor or peptide,1,General/core transcription
FXR1,Uncertain / other regulator,Context-dependent / insufficient info,Could be non-DNA-binding cofactor or peptide,1,General/core transcription
GLI1,Uncertain / other regulator,Context-dependent / insufficient info,Could be non-DNA-binding cofactor or peptide,1,General/core transcription
GLI3,Uncertain / other regulator,Context-dependent / insufficient info,Could be non-DNA-binding cofactor or peptide,1,General/core transcription
GLI4,Uncertain / other regulator,Context-dependent / insufficient info,Could be non-DNA-binding cofactor or peptide,1,General/core transcription
GREB1,Uncertain / other regulator,Context-dependent / insufficient info,Could be non-DNA-binding cofactor or peptide,1,General/core transcription
GTF2A2,Uncertain / other regulator,Context-dependent / insufficient info,Could be non-DNA-binding cofactor or peptide,1,General/core transcription
GTF2E2,Uncertain / other regulator,Context-dependent / insufficient info,Could be non-DNA-binding cofactor or peptide,1,General/core transcription
GTF3A,Uncertain / other regulator,Context-dependent / insufficient info,Could be non-DNA-binding cofactor or peptide,1,General/core transcription
GTF3C1,Uncertain / other regulator,Context-dependent / insufficient info,Could be non-DNA-binding cofactor or peptide,1,General/core transcription
GUCY1B1,Uncertain / other regulator,Context-dependent / insufficient info,Could be non-DNA-binding cofactor or peptide,1,General/core transcription
H1_6,Uncertain / other regulator,Context-dependent / insufficient info,Could be non-DNA-binding cofactor or peptide,1,General/core transcription
HAND1,Uncertain / other regulator,Context-dependent / insufficient info,Could be non-DNA-binding cofactor or peptide,1,General/core transcription
HBZ,Uncertain / other regulator,Context-dependent / insufficient info,Could be non-DNA-binding cofactor or peptide,1,General/core transcription
HDAC4,Uncertain / other regulator,Context-dependent / insufficient info,Could be non-DNA-binding cofactor or peptide,1,General/core transcription
HDAC8,Uncertain / other regulator,Context-dependent / insufficient info,Could be non-DNA-binding cofactor or peptide,1,General/core transcription
HDGF,Uncertain / other regulator,Context-dependent / insufficient info,Could be non-DNA-binding cofactor or peptide,1,General/core transcription
HHEX,Uncertain / other regulator,Context-dependent / insufficient info,Could be non-DNA-binding cofactor or peptide,1,General/core transcription
HJURP,Uncertain / other regulator,Context-dependent / insufficient info,Could be non-DNA-binding cofactor or peptide,1,General/core transcription
HMCES,Uncertain / other regulator,Context-dependent / insufficient info,Could be non-DNA-binding cofactor or peptide,1,General/core transcription
HMG20B,Uncertain / other regulator,Context-dependent / insufficient info,Could be non-DNA-binding cofactor or peptide,1,General/core transcription
HMGA1,Uncertain / other regulator,Context-dependent / insufficient info,Could be non-DNA-binding cofactor or peptide,1,General/core transcription
HMGB2,Uncertain / other regulator,Context-dependent / insufficient info,Could be non-DNA-binding cofactor or peptide,1,General/core transcription
HSD17B8,Uncertain / other regulator,Context-dependent / insufficient info,Could be non-DNA-binding cofactor or peptide,1,General/core transcription
HSF2,Uncertain / other regulator,Context-dependent / insufficient info,Could be non-DNA-binding cofactor or peptide,1,General/core transcription
HSF4,Uncertain / other regulator,Context-dependent / insufficient info,Could be non-DNA-binding cofactor or peptide,1,General/core transcription
IGF1R,Uncertain / other regulator,Context-dependent / insufficient info,Could be non-DNA-binding cofactor or peptide,1,General/core transcription
IGLV5_37,Uncertain / other regulator,Context-dependent / insufficient info,Could be non-DNA-binding cofactor or peptide,1,General/core transcription
ILK,Uncertain / other regulator,Context-dependent / insufficient info,Could be non-DNA-binding cofactor or peptide,1,General/core transcription
INSM2,Uncertain / other regulator,Context-dependent / insufficient info,Could be non-DNA-binding cofactor or peptide,1,General/core transcription
IRX2,Uncertain / other regulator,Context-dependent / insufficient info,Could be non-DNA-binding cofactor or peptide,1,General/core transcription
IRX3,Uncertain / other regulator,Context-dependent / insufficient info,Could be non-DNA-binding cofactor or peptide,1,General/core transcription
KAT2A,Uncertain / other regulator,Context-dependent / insufficient info,Could be non-DNA-binding cofactor or peptide,1,General/core transcription
KAT5,Uncertain / other regulator,Context-dependent / insufficient info,Could be non-DNA-binding cofactor or peptide,1,General/core transcription
KDM1B,Uncertain / other regulator,Context-dependent / insufficient info,Could be non-DNA-binding cofactor or peptide,1,General/core transcription
KMT2D,Uncertain / other regulator,Context-dependent / insufficient info,Could be non-DNA-binding cofactor or peptide,1,General/core transcription
LAMB3,Uncertain / other regulator,Context-dependent / insufficient info,Could be non-DNA-binding cofactor or peptide,1,General/core transcription
LCORL,Uncertain / other regulator,Context-dependent / insufficient info,Could be non-DNA-binding cofactor or peptide,1,General/core transcription
LMNB2,Uncertain / other regulator,Context-dependent / insufficient info,Could be non-DNA-binding cofactor or peptide,1,General/core transcription
LMTK3,Uncertain / other regulator,Context-dependent / insufficient info,Could be non-DNA-binding cofactor or peptide,1,General/core transcription
LMX1B,Uncertain / other regulator,Context-dependent / insufficient info,Could be non-DNA-binding cofactor or peptide,1,General/core transcription
MAML1,Uncertain / other regulator,Context-dependent / insufficient info,Could be non-DNA-binding cofactor or peptide,1,General/core transcription
MAP2K1,Uncertain / other regulator,Context-dependent / insufficient info,Could be non-DNA-binding cofactor or peptide,1,General/core transcription
MAPK3,Uncertain / other regulator,Context-dependent / insufficient info,Could be non-DNA-binding cofactor or peptide,1,General/core transcription
MCM2,Uncertain / other regulator,Context-dependent / insufficient info,Could be non-DNA-binding cofactor or peptide,1,General/core transcription
MCM3,Uncertain / other regulator,Context-dependent / insufficient info,Could be non-DNA-binding cofactor or peptide,1,General/core transcription
MCM5,Uncertain / other regulator,Context-dependent / insufficient info,Could be non-DNA-binding cofactor or peptide,1,General/core transcription
MDM2,Uncertain / other regulator,Context-dependent / insufficient info,Could be non-DNA-binding cofactor or peptide,1,General/core transcription
MED16,Uncertain / other regulator,Context-dependent / insufficient info,Could be non-DNA-binding cofactor or peptide,1,General/core transcription
MED25,Uncertain / other regulator,Context-dependent / insufficient info,Could be non-DNA-binding cofactor or peptide,1,General/core transcription
METHYLCYTOSINE_DIOXYGENASE_TET_UNIPROT_A0A023HHK9_UNREVIEWED,Uncertain / other regulator,Context-dependent / insufficient info,Could be non-DNA-binding cofactor or peptide,1,General/core transcription
METTL14,Uncertain / other regulator,Context-dependent / insufficient info,Could be non-DNA-binding cofactor or peptide,1,General/core transcription
MIER1,Uncertain / other regulator,Context-dependent / insufficient info,Could be non-DNA-binding cofactor or peptide,1,General/core transcription
MNX1,Uncertain / other regulator,Context-dependent / insufficient info,Could be non-DNA-binding cofactor or peptide,1,General/core transcription
MPHOSPH8,Uncertain / other regulator,Context-dependent / insufficient info,Could be non-DNA-binding cofactor or peptide,1,General/core transcription
MSX1,Uncertain / other regulator,Context-dependent / insufficient info,Could be non-DNA-binding cofactor or peptide,1,General/core transcription
MSX2,Uncertain / other regulator,Context-dependent / insufficient info,Could be non-DNA-binding cofactor or peptide,1,General/core transcription
MTHFD1,Uncertain / other regulator,Context-dependent / insufficient info,Could be non-DNA-binding cofactor or peptide,1,General/core transcription
MYBL1,Uncertain / other regulator,Context-dependent / insufficient info,Could be non-DNA-binding cofactor or peptide,1,General/core transcription
MYF6,Uncertain / other regulator,Context-dependent / insufficient info,Could be non-DNA-binding cofactor or peptide,1,General/core transcription
MYOCD,Uncertain / other regulator,Context-dependent / insufficient info,Could be non-DNA-binding cofactor or peptide,1,General/core transcription
MZF1,Uncertain / other regulator,Context-dependent / insufficient info,Could be non-DNA-binding cofactor or peptide,1,General/core transcription
NAB2,Uncertain / other regulator,Context-dependent / insufficient info,Could be non-DNA-binding cofactor or peptide,1,General/core transcription
NCOA2,Uncertain / other regulator,Context-dependent / insufficient info,Could be non-DNA-binding cofactor or peptide,1,General/core transcription
NCOA4,Uncertain / other regulator,Context-dependent / insufficient info,Could be non-DNA-binding cofactor or peptide,1,General/core transcription
NCOA6,Uncertain / other regulator,Context-dependent / insufficient info,Could be non-DNA-binding cofactor or peptide,1,General/core transcription
NEUROD2,Uncertain / other regulator,Context-dependent / insufficient info,Could be non-DNA-binding cofactor or peptide,1,General/core transcription
NEUROG3,Uncertain / other regulator,Context-dependent / insufficient info,Could be non-DNA-binding cofactor or peptide,1,General/core transcription
NFE2L3,Uncertain / other regulator,Context-dependent / insufficient info,Could be non-DNA-binding cofactor or peptide,1,General/core transcription
NFKBIA,Uncertain / other regulator,Context-dependent / insufficient info,Could be non-DNA-binding cofactor or peptide,1,General/core transcription
NFXL1,Uncertain / other regulator,Context-dependent / insufficient info,Could be non-DNA-binding cofactor or peptide,1,General/core transcription
NKX2_2,Uncertain / other regulator,Context-dependent / insufficient info,Could be non-DNA-binding cofactor or peptide,1,Developmental homeobox/lineage TFs
NKX2_3,Uncertain / other regulator,Context-dependent / insufficient info,Could be non-DNA-binding cofactor or peptide,1,Developmental homeobox/lineage TFs
NKX2_5,Uncertain / other regulator,Context-dependent / insufficient info,Could be non-DNA-binding cofactor or peptide,1,Developmental homeobox/lineage TFs
NKX2_8,Uncertain / other regulator,Context-dependent / insufficient info,Could be non-DNA-binding cofactor or peptide,1,Developmental homeobox/lineage TFs
NKX6_1,Uncertain / other regulator,Context-dependent / insufficient info,Could be non-DNA-binding cofactor or peptide,1,Developmental homeobox/lineage TFs
NME2,Uncertain / other regulator,Context-dependent / insufficient info,Could be non-DNA-binding cofactor or peptide,1,General/core transcription
NOTCH3,Uncertain / other regulator,Context-dependent / insufficient info,Could be non-DNA-binding cofactor or peptide,1,General/core transcription
NPAT,Uncertain / other regulator,Context-dependent / insufficient info,Could be non-DNA-binding cofactor or peptide,1,General/core transcription
NPM1,Uncertain / other regulator,Context-dependent / insufficient info,Could be non-DNA-binding cofactor or peptide,1,General/core transcription
NUFIP1,Uncertain / other regulator,Context-dependent / insufficient info,Could be non-DNA-binding cofactor or peptide,1,General/core transcription
NUP214,Uncertain / other regulator,Context-dependent / insufficient info,Could be non-DNA-binding cofactor or peptide,1,General/core transcription
OVOL3,Uncertain / other regulator,Context-dependent / insufficient info,Could be non-DNA-binding cofactor or peptide,1,General/core transcription
PAF1,Uncertain / other regulator,Context-dependent / insufficient info,Could be non-DNA-binding cofactor or peptide,1,General/core transcription
PBRM1,Uncertain / other regulator,Context-dependent / insufficient info,Could be non-DNA-binding cofactor or peptide,1,General/core transcription
PBXIP1,Uncertain / other regulator,Context-dependent / insufficient info,Could be non-DNA-binding cofactor or peptide,1,General/core transcription
PCGF1,Uncertain / other regulator,Context-dependent / insufficient info,Could be non-DNA-binding cofactor or peptide,1,General/core transcription
PER1,Uncertain / other regulator,Context-dependent / insufficient info,Could be non-DNA-binding cofactor or peptide,1,General/core transcription
PGBD5,Uncertain / other regulator,Context-dependent / insufficient info,Could be non-DNA-binding cofactor or peptide,1,General/core transcription
PGM3,Uncertain / other regulator,Context-dependent / insufficient info,Could be non-DNA-binding cofactor or peptide,1,General/core transcription
PHB2,Uncertain / other regulator,Context-dependent / insufficient info,Could be non-DNA-binding cofactor or peptide,1,General/core transcription
PHF21A,Uncertain / other regulator,Context-dependent / insufficient info,Could be non-DNA-binding cofactor or peptide,1,General/core transcription
PIAS4,Uncertain / other regulator,Context-dependent / insufficient info,Could be non-DNA-binding cofactor or peptide,1,General/core transcription
PITX1,Uncertain / other regulator,Context-dependent / insufficient info,Could be non-DNA-binding cofactor or peptide,1,General/core transcription
POU2AF1,Uncertain / other regulator,Context-dependent / insufficient info,Could be non-DNA-binding cofactor or peptide,1,General/core transcription
PPARGC1A,Uncertain / other regulator,Context-dependent / insufficient info,Could be non-DNA-binding cofactor or peptide,1,Nuclear receptors & metabolism
PRDM12,Uncertain / other regulator,Context-dependent / insufficient info,Could be non-DNA-binding cofactor or peptide,1,General/core transcription
PRDM4,Uncertain / other regulator,Context-dependent / insufficient info,Could be non-DNA-binding cofactor or peptide,1,General/core transcription
PRDM5,Uncertain / other regulator,Context-dependent / insufficient info,Could be non-DNA-binding cofactor or peptide,1,General/core transcription
PRKDC,Uncertain / other regulator,Context-dependent / insufficient info,Could be non-DNA-binding cofactor or peptide,1,General/core transcription
PRMT5,Uncertain / other regulator,Context-dependent / insufficient info,Could be non-DNA-binding cofactor or peptide,1,General/core transcription
PSIP1,Uncertain / other regulator,Context-dependent / insufficient info,Could be non-DNA-binding cofactor or peptide,1,General/core transcription
PSMB5,Uncertain / other regulator,Context-dependent / insufficient info,Could be non-DNA-binding cofactor or peptide,1,General/core transcription
PTPRA,Uncertain / other regulator,Context-dependent / insufficient info,Could be non-DNA-binding cofactor or peptide,1,General/core transcription
PTTG1,Uncertain / other regulator,Context-dependent / insufficient info,Could be non-DNA-binding cofactor or peptide,1,General/core transcription
RAG1,Uncertain / other regulator,Context-dependent / insufficient info,Could be non-DNA-binding cofactor or peptide,1,General/core transcription
RARB,Uncertain / other regulator,Context-dependent / insufficient info,Could be non-DNA-binding cofactor or peptide,1,General/core transcription
RAX2,Uncertain / other regulator,Context-dependent / insufficient info,Could be non-DNA-binding cofactor or peptide,1,General/core transcription
RBL1,Uncertain / other regulator,Context-dependent / insufficient info,Could be non-DNA-binding cofactor or peptide,1,General/core transcription
RBM15,Uncertain / other regulator,Context-dependent / insufficient info,Could be non-DNA-binding cofactor or peptide,1,General/core transcription
RBM17,Uncertain / other regulator,Context-dependent / insufficient info,Could be non-DNA-binding cofactor or peptide,1,General/core transcription
RBM34,Uncertain / other regulator,Context-dependent / insufficient info,Could be non-DNA-binding cofactor or peptide,1,General/core transcription
RBMX,Uncertain / other regulator,Context-dependent / insufficient info,Could be non-DNA-binding cofactor or peptide,1,General/core transcription
REPIN1,Uncertain / other regulator,Context-dependent / insufficient info,Could be non-DNA-binding cofactor or peptide,1,General/core transcription
RFX7,Uncertain / other regulator,Context-dependent / insufficient info,Could be non-DNA-binding cofactor or peptide,1,General/core transcription
RLF,Uncertain / other regulator,Context-dependent / insufficient info,Could be non-DNA-binding cofactor or peptide,1,General/core transcription
RPA1,Uncertain / other regulator,Context-dependent / insufficient info,Could be non-DNA-binding cofactor or peptide,1,General/core transcription
RPA2,Uncertain / other regulator,Context-dependent / insufficient info,Could be non-DNA-binding cofactor or peptide,1,General/core transcription
RUVBL1,Uncertain / other regulator,Context-dependent / insufficient info,Could be non-DNA-binding cofactor or peptide,1,General/core transcription
RUVBL2,Uncertain / other regulator,Context-dependent / insufficient info,Could be non-DNA-binding cofactor or peptide,1,General/core transcription
RYBP,Uncertain / other regulator,Context-dependent / insufficient info,Could be non-DNA-binding cofactor or peptide,1,General/core transcription
SAFB2,Uncertain / other regulator,Context-dependent / insufficient info,Could be non-DNA-binding cofactor or peptide,1,General/core transcription
SETBP1,Uncertain / other regulator,Context-dependent / insufficient info,Could be non-DNA-binding cofactor or peptide,1,General/core transcription
SETD1A,Uncertain / other regulator,Context-dependent / insufficient info,Could be non-DNA-binding cofactor or peptide,1,General/core transcription
SETD7,Uncertain / other regulator,Context-dependent / insufficient info,Could be non-DNA-binding cofactor or peptide,1,General/core transcription
SFMBT1,Uncertain / other regulator,Context-dependent / insufficient info,Could be non-DNA-binding cofactor or peptide,1,General/core transcription
SIGMAR1,Uncertain / other regulator,Context-dependent / insufficient info,Could be non-DNA-binding cofactor or peptide,1,General/core transcription
SIPA1,Uncertain / other regulator,Context-dependent / insufficient info,Could be non-DNA-binding cofactor or peptide,1,General/core transcription
SIRT3,Uncertain / other regulator,Context-dependent / insufficient info,Could be non-DNA-binding cofactor or peptide,1,General/core transcription
SKIL,Uncertain / other regulator,Context-dependent / insufficient info,Could be non-DNA-binding cofactor or peptide,1,General/core transcription
SKP2,Uncertain / other regulator,Context-dependent / insufficient info,Could be non-DNA-binding cofactor or peptide,1,General/core transcription
SMARCA1,Uncertain / other regulator,Context-dependent / insufficient info,Could be non-DNA-binding cofactor or peptide,1,General/core transcription
SMCHD1,Uncertain / other regulator,Context-dependent / insufficient info,Could be non-DNA-binding cofactor or peptide,1,General/core transcription
SMN1_SMN2,Uncertain / other regulator,Context-dependent / insufficient info,Could be non-DNA-binding cofactor or peptide,1,General/core transcription
SNAPC2,Uncertain / other regulator,Context-dependent / insufficient info,Could be non-DNA-binding cofactor or peptide,1,General/core transcription
SNAPC4,Uncertain / other regulator,Context-dependent / insufficient info,Could be non-DNA-binding cofactor or peptide,1,General/core transcription
SNIP1,Uncertain / other regulator,Context-dependent / insufficient info,Could be non-DNA-binding cofactor or peptide,1,General/core transcription
SNRNP70,Uncertain / other regulator,Context-dependent / insufficient info,Could be non-DNA-binding cofactor or peptide,1,General/core transcription
SQSTM1,Uncertain / other regulator,Context-dependent / insufficient info,Could be non-DNA-binding cofactor or peptide,1,General/core transcription
SRPK1,Uncertain / other regulator,Context-dependent / insufficient info,Could be non-DNA-binding cofactor or peptide,1,General/core transcription
SRPK2,Uncertain / other regulator,Context-dependent / insufficient info,Could be non-DNA-binding cofactor or peptide,1,General/core transcription
SRSF9,Uncertain / other regulator,Context-dependent / insufficient info,Could be non-DNA-binding cofactor or peptide,1,General/core transcription
SS18_SSX1_FUSION_UNIPROT_Q8IZH1_UNREVIEWED,Uncertain / other regulator,Context-dependent / insufficient info,Could be non-DNA-binding cofactor or peptide,1,General/core transcription
STN1,Uncertain / other regulator,Context-dependent / insufficient info,Could be non-DNA-binding cofactor or peptide,1,General/core transcription
SUMO1,Uncertain / other regulator,Context-dependent / insufficient info,Could be non-DNA-binding cofactor or peptide,1,General/core transcription
SUPT16H,Uncertain / other regulator,Context-dependent / insufficient info,Could be non-DNA-binding cofactor or peptide,1,General/core transcription
SUPT20H,Uncertain / other regulator,Context-dependent / insufficient info,Could be non-DNA-binding cofactor or peptide,1,General/core transcription
SVIL,Uncertain / other regulator,Context-dependent / insufficient info,Could be non-DNA-binding cofactor or peptide,1,General/core transcription
SYNCRIP,Uncertain / other regulator,Context-dependent / insufficient info,Could be non-DNA-binding cofactor or peptide,1,General/core transcription
TAF9B,Uncertain / other regulator,Context-dependent / insufficient info,Could be non-DNA-binding cofactor or peptide,1,General/core transcription
TAFAZZIN,Uncertain / other regulator,Context-dependent / insufficient info,Could be non-DNA-binding cofactor or peptide,1,General/core transcription
TASOR,Uncertain / other regulator,Context-dependent / insufficient info,Could be non-DNA-binding cofactor or peptide,1,General/core transcription
TBPL1,Uncertain / other regulator,Context-dependent / insufficient info,Could be non-DNA-binding cofactor or peptide,1,General/core transcription
TCOF1,Uncertain / other regulator,Context-dependent / insufficient info,Could be non-DNA-binding cofactor or peptide,1,General/core transcription
TDRD3,Uncertain / other regulator,Context-dependent / insufficient info,Could be non-DNA-binding cofactor or peptide,1,General/core transcription
TERF1,Uncertain / other regulator,Context-dependent / insufficient info,Could be non-DNA-binding cofactor or peptide,1,General/core transcription
TERF2,Uncertain / other regulator,Context-dependent / insufficient info,Could be non-DNA-binding cofactor or peptide,1,General/core transcription
TERT,Uncertain / other regulator,Context-dependent / insufficient info,Could be non-DNA-binding cofactor or peptide,1,General/core transcription
TET1,Uncertain / other regulator,Context-dependent / insufficient info,Could be non-DNA-binding cofactor or peptide,1,General/core transcription
TFAM,Uncertain / other regulator,Context-dependent / insufficient info,Could be non-DNA-binding cofactor or peptide,1,General/core transcription
TFCP2,Uncertain / other regulator,Context-dependent / insufficient info,Could be non-DNA-binding cofactor or peptide,1,General/core transcription
TFDP2,Uncertain / other regulator,Context-dependent / insufficient info,Could be non-DNA-binding cofactor or peptide,1,General/core transcription
TFEB,Uncertain / other regulator,Context-dependent / insufficient info,Could be non-DNA-binding cofactor or peptide,1,General/core transcription
THRA,Uncertain / other regulator,Context-dependent / insufficient info,Could be non-DNA-binding cofactor or peptide,1,General/core transcription
THRAP3,Uncertain / other regulator,Context-dependent / insufficient info,Could be non-DNA-binding cofactor or peptide,1,General/core transcription
TOP2B,Uncertain / other regulator,Context-dependent / insufficient info,Could be non-DNA-binding cofactor or peptide,1,General/core transcription
TOX4,Uncertain / other regulator,Context-dependent / insufficient info,Could be non-DNA-binding cofactor or peptide,1,General/core transcription
TRIP13,Uncertain / other regulator,Context-dependent / insufficient info,Could be non-DNA-binding cofactor or peptide,1,General/core transcription
TSHZ1,Uncertain / other regulator,Context-dependent / insufficient info,Could be non-DNA-binding cofactor or peptide,1,General/core transcription
TUBG1,Uncertain / other regulator,Context-dependent / insufficient info,Could be non-DNA-binding cofactor or peptide,1,General/core transcription
UBE2I,Uncertain / other regulator,Context-dependent / insufficient info,Could be non-DNA-binding cofactor or peptide,1,General/core transcription
UBN1,Uncertain / other regulator,Context-dependent / insufficient info,Could be non-DNA-binding cofactor or peptide,1,General/core transcription
VRTN,Uncertain / other regulator,Context-dependent / insufficient info,Could be non-DNA-binding cofactor or peptide,1,General/core transcription
WDHD1,Uncertain / other regulator,Context-dependent / insufficient info,Could be non-DNA-binding cofactor or peptide,1,General/core transcription
WIZ,Uncertain / other regulator,Context-dependent / insufficient info,Could be non-DNA-binding cofactor or peptide,1,General/core transcription
WRN,Uncertain / other regulator,Context-dependent / insufficient info,Could be non-DNA-binding cofactor or peptide,1,General/core transcription
WRNIP1,Uncertain / other regulator,Context-dependent / insufficient info,Could be non-DNA-binding cofactor or peptide,1,General/core transcription
XPO1,Uncertain / other regulator,Context-dependent / insufficient info,Could be non-DNA-binding cofactor or peptide,1,General/core transcription
YBX1,Uncertain / other regulator,Context-dependent / insufficient info,Could be non-DNA-binding cofactor or peptide,1,General/core transcription
YBX3,Uncertain / other regulator,Context-dependent / insufficient info,Could be non-DNA-binding cofactor or peptide,1,General/core transcription
ZA_UNIPROT_Q9UM89_UNREVIEWED_GENES,Uncertain / other regulator,Context-dependent / insufficient info,Could be non-DNA-binding cofactor or peptide,1,General/core transcription
ZBED4,Uncertain / other regulator,Context-dependent / insufficient info,Could be non-DNA-binding cofactor or peptide,1,General/core transcription
ZBED5,Uncertain / other regulator,Context-dependent / insufficient info,Could be non-DNA-binding cofactor or peptide,1,General/core transcription
ZC3H11A,Uncertain / other regulator,Context-dependent / insufficient info,Could be non-DNA-binding cofactor or peptide,1,General/core transcription
ZFHX3,Uncertain / other regulator,Context-dependent / insufficient info,Could be non-DNA-binding cofactor or peptide,1,General/core transcription
ZFP28,Uncertain / other regulator,Context-dependent / insufficient info,Could be non-DNA-binding cofactor or peptide,1,General/core transcription
ZFP3,Uncertain / other regulator,Context-dependent / insufficient info,Could be non-DNA-binding cofactor or peptide,1,General/core transcription
ZFP36L1,Uncertain / other regulator,Context-dependent / insufficient info,Could be non-DNA-binding cofactor or peptide,1,General/core transcription
ZFP37,Uncertain / other regulator,Context-dependent / insufficient info,Could be non-DNA-binding cofactor or peptide,1,General/core transcription
ZFP82,Uncertain / other regulator,Context-dependent / insufficient info,Could be non-DNA-binding cofactor or peptide,1,General/core transcription
ZFP91,Uncertain / other regulator,Context-dependent / insufficient info,Could be non-DNA-binding cofactor or peptide,1,General/core transcription
ZIM3,Uncertain / other regulator,Context-dependent / insufficient info,Could be non-DNA-binding cofactor or peptide,1,General/core transcription
ZMYM2,Uncertain / other regulator,Context-dependent / insufficient info,Could be non-DNA-binding cofactor or peptide,1,General/core transcription
ZMYND11,Uncertain / other regulator,Context-dependent / insufficient info,Could be non-DNA-binding cofactor or peptide,1,General/core transcription
ZSCAN18,Uncertain / other regulator,Context-dependent / insufficient info,Could be non-DNA-binding cofactor or peptide,1,General/core transcription
ZSCAN2,Uncertain / other regulator,Context-dependent / insufficient info,Could be non-DNA-binding cofactor or peptide,1,General/core transcription
ZSCAN21,Uncertain / other regulator,Context-dependent / insufficient info,Could be non-DNA-binding cofactor or peptide,1,General/core transcription
ZSCAN23,Uncertain / other regulator,Context-dependent / insufficient info,Could be non-DNA-binding cofactor or peptide,1,General/core transcription
ZSCAN26,Uncertain / other regulator,Context-dependent / insufficient info,Could be non-DNA-binding cofactor or peptide,1,General/core transcription
ZSCAN30,Uncertain / other regulator,Context-dependent / insufficient info,Could be non-DNA-binding cofactor or peptide,1,General/core transcription
ZSCAN31,Uncertain / other regulator,Context-dependent / insufficient info,Could be non-DNA-binding cofactor or peptide,1,General/core transcription
ZSCAN4,Uncertain / other regulator,Context-dependent / insufficient info,Could be non-DNA-binding cofactor or peptide,1,General/core transcription
ZSCAN5B,Uncertain / other regulator,Context-dependent / insufficient info,Could be non-DNA-binding cofactor or peptide,1,General/core transcription
ZSCAN5C,Uncertain / other regulator,Context-dependent / insufficient info,Could be non-DNA-binding cofactor or peptide,1,General/core transcription
ZSCAN5DP,Uncertain / other regulator,Context-dependent / insufficient info,Could be non-DNA-binding cofactor or peptide,1,General/core transcription
ZZZ3,Uncertain / other regulator,Context-dependent / insufficient info,Could be non-DNA-binding cofactor or peptide,1,General/core transcription
